{"cameraMode":{"drawMode":0,"name":"Shaded","section":"Shading Mode"},"sceneLighting":true,"audioPlay":false,"sceneViewState":{"showFog":false,"showMaterialUpdate":false,"showSkybox":false,"showFlares":false,"showImageEffects":false,"showParticleSystems":true},"in2DMode":false,"pivot":{"x":-2.074718475341797,"y":-4.569016456604004,"z":-3.7081356048583986},"rotation":{"x":0.37765368819236758,"y":0.08040068298578263,"z":-0.032937824726104739,"w":0.9218618273735046},"size":22.0,"orthographic":false}