{"cameraMode":{"drawMode":0,"name":"Shaded","section":"Shading Mode"},"sceneLighting":true,"audioPlay":false,"sceneViewState":{"showFog":false,"showMaterialUpdate":false,"showSkybox":false,"showFlares":false,"showImageEffects":false,"showParticleSystems":true},"in2DMode":false,"pivot":{"x":2.1438446044921877,"y":-6.495057106018066,"z":24.055604934692384},"rotation":{"x":0.12299669533967972,"y":-0.004470130428671837,"z":0.0005537403048947454,"w":0.992400586605072},"size":68.19831848144531,"orthographic":false}