{"cameraMode":{"drawMode":0,"name":"Shaded","section":"Shading Mode"},"sceneLighting":false,"audioPlay":false,"sceneViewState":{"showFog":false,"showMaterialUpdate":false,"showSkybox":false,"showFlares":false,"showImageEffects":false,"showParticleSystems":true},"in2DMode":false,"pivot":{"x":0.0051326751708984379,"y":-0.022599875926971437,"z":0.0},"rotation":{"x":0.12927958369255067,"y":-0.3928249776363373,"z":0.05588216334581375,"w":0.9087685942649841},"size":2.2703938484191896,"orthographic":false}