{"cameraMode":{"drawMode":0,"name":"Shaded","section":"Shading Mode"},"sceneLighting":true,"audioPlay":false,"sceneViewState":{"showFog":false,"showMaterialUpdate":false,"showSkybox":false,"showFlares":false,"showImageEffects":false,"showParticleSystems":true},"in2DMode":false,"pivot":{"x":7.5928497314453129,"y":0.29354381561279299,"z":4.072906494140625},"rotation":{"x":0.12858761847019196,"y":-0.07430874556303024,"z":0.009662449359893799,"w":0.9888671040534973},"size":13.67039966583252,"orthographic":false}