{"cameraMode":{"drawMode":0,"name":"Shaded","section":"Shading Mode"},"sceneLighting":false,"audioPlay":false,"sceneViewState":{"showFog":false,"showMaterialUpdate":false,"showSkybox":false,"showFlares":false,"showImageEffects":false,"showParticleSystems":true},"in2DMode":false,"pivot":{"x":0.29127568006515505,"y":-0.19686132669448853,"z":-0.031447410583496097},"rotation":{"x":0.1645168662071228,"y":-0.022195985540747644,"z":0.003701477311551571,"w":0.9861219525337219},"size":2.8578836917877199,"orthographic":false}