{"cameraMode":{"drawMode":0,"name":"Shaded","section":"Shading Mode"},"sceneLighting":true,"audioPlay":false,"sceneViewState":{"showFog":false,"showMaterialUpdate":false,"showSkybox":false,"showFlares":false,"showImageEffects":false,"showParticleSystems":true},"in2DMode":false,"pivot":{"x":-3.8925368785858156,"y":-13.399955749511719,"z":22.263160705566408},"rotation":{"x":0.12299669533967972,"y":-0.004470130428671837,"z":0.0005537403048947454,"w":0.992400586605072},"size":50.45828628540039,"orthographic":false}